店铺,分数
苏宁易购官方旗舰店,4.89433
创于佳讯数码专营店,4.87662
华为官方旗舰店,4.89257
尼凯恩旗舰店,4.88192
小米官方旗舰店,4.87582
荣耀官方旗舰店,4.84742
天语强宇专卖店,4.85849
纽曼深圳专卖店,4.87159
vivo官方旗舰店,4.88112
realme官方旗舰店,4.8336
oppo官方旗舰店,4.85593
慕尚年华数码专营店,4.85493
科音数码专营店,4.9111
深圳易乐购数码专营店,4.84263
炜广天成数码专营店,4.83138
淘杰翔数码专营店,4.90338
天讯蓝图数码专营店,4.856
创佰亿数码专营店,4.91166
索品数码专营店,4.87346
青柠时代数码专营店,4.91648
亦儿手机店,4.99017
蒙帝鸿运数码专营店,4.96873
中华淘购网店,4.95849
魅族官方旗舰店,4.81986
伟业恒通数码专营店,4.9684
哦了个可可,4.97661
硕王旗舰店,4.9125
纽曼世腾专卖店,4.82293
雅诺芬,4.98982
茂鹏数码专营店,4.93089
飞利浦官方旗舰店,4.87051
华信通商城,4.60665
heatlinda,4.80853
王者通讯2013,4.70688
德隆兴盛数码专营店,4.90146
佳宁数码专营店,4.88393
周减减,4.96758
纯林伟业数码专营店,4.80525
诺基亚手机官方旗舰店,4.81227
华优数码6405,4.91779
蓝港数码专营店,4.83167
小淘器数码专营店,4.87663
京联通达数码旗舰店,4.87786
vivo衡视专卖店,4.91772
国货平价网,4.86852
芝林数码专营店,4.96468
三际数码官方旗舰店,4.8495
佳佳购数码专营店,4.95399
美图旗舰店,4.75183
好易用数码专营店,4.89119
皓轩手机旗舰店,4.93298
龙通店,4.77704
锦万数码专营,4.87026
徐州联强数码专营店,4.86752
世光创展数码专营店,4.91107
王牌风范女装,4.96153
博科雅创数码专营店,4.88937
深港通信专卖,4.8813
品牌机批发店,4.78068
优佳讯数码专营店,4.95185
广东电信亿品汇专卖店,4.84214
优机汇数码专营店,4.90738
大麦时尚馆,4.97354
万诚春数码专营店,4.91468
金辉天成数码专营店,4.9097
天中和数码专营店,4.95955
诚信手机有限公司,4.96682
友欣数码专营店,4.91539
ziyo数码,4.88842
移联翼数码专营店,4.94714
能良数码官方旗舰店,4.8545
酷泽数码专营店,4.88966
oppo欧曙专卖店,4.92679
同步飞扬数码专营店,4.88018
纽曼亿流专卖店,4.88247
京合旗舰店,4.86087
菜谱数码专营店,4.96528
给力不坑爹,4.80381
嘉宇金成数码专营店,4.92681
蒙奇数码专营店,4.82843
金蛇数码专营店,4.9644
四川分公司,4.90192
纽曼鹏宇佳业专卖店,4.93983
一加创华威专卖店,4.86775
赛西湖,4.90255
紫向日葵,4.79187
白开水的点燃方式,4.83692
贝之心数码专营店,4.85882
百灵佳讯数码专营店,4.97648
航舰达数码专营店,4.90428
饼干和面包,4.97522
宸欣数码专营店,4.98723
佳惠兴通数码专营店,4.93063
yang18676753349,4.90478
淘吧电讯,4.82966
bin111bin,4.83965
双喜520025,4.98201
wezebaba,4.81833
一号线数码专营店,4.92497
朵儿妈的生活,4.89829
一朵花的记忆,4.83223
三星官方旗舰店,4.84885
八连星手机专营店,4.77617
吴继勇2013,4.95622
魅族得者淘专卖店,4.79122
亚米村,4.93857
飞利浦手机官方旗舰店,4.89138
你来我网168168,4.93036
ktouch天语众鑫世纪专卖店,4.83219
深圳一航,4.88613
vivo欧曙专卖店,4.92403
缤琪斯,4.89253
地球上的智商人,4.61927
乐淘猫科技,4.83377
纽曼汇融通达专卖店,4.86473
噼噼啪啪的哈,4.89153
岸越数码专营店,4.81577
花十少1106,4.7122
蘑菇家的木耳,4.95522
中国移动手机官方旗舰店,4.7983
wxjking,4.72698
华宇广诚数码专营店,4.94894
彩虹色的蜻蜓,4.85205
首佳誉数码专营店,4.90391
zhengpeijie49,4.89183
沈建伟1994,4.96411
zhuxiaoming1113,4.90527
晋商数码专营店,4.82164
盛豪数码zjs,4.89979
vivo航鹰专卖店,4.91975
深圳量今古科技有限公司,4.92742
添财数码广场,4.93011
世纪红通讯7,4.59744
zqf794617369,4.98765
添富数码广场,4.90005
紫色角洛,4.9656
jeyven,4.86907
国为数码科技,4.76839
飞可盈数码专营店,4.80333
恒之源手机专营店,4.88263
华米企业店,4.87659
网能恒业数码专营店,4.92713
创基成数码专营店,4.97287
普华锦讯数码专营店,4.90736
小萝卜通讯,4.8493
肥鹏展翅,4.90359
中国移动官方旗舰店,4.97613
小唐1688,4.86347
oppo平实专卖店,4.92993
雨中的百合哈哈,4.79567
海亿实业,4.9056
联想手机旗舰店,4.74825
诚信快乐淘开心,4.94033
泉兴时尚数码店,4.70191
vivo天诚专卖店,4.89431
誉品旗舰店,4.89507
九方光电数码专营店,4.9566
美图旅之丰专卖店,4.68853
索爱宝安专卖店,4.92647
易风卖场,4.68257
